{"SubstationB": {"key": "0000000000000000000000000000000000000000000000000000000000000000", "timestamp": 1752169739.0235174, "sequence": 3}, "SubstationC": {"key": "0000000000000000000000000000000000000000000000000000000000000000", "timestamp": 1752169739.0053725, "sequence": 1}, "SubstationD": {"key": "0000000000000000000000000000000000000000000000000000000000000000", "timestamp": 1752169739.0139875, "sequence": 2}, "SubstationA": {"key": "0000000000000000000000000000000000000000000000000000000000000000", "timestamp": 1752169691.265969, "sequence": 1}}